<core:FragmentDefinition xmlns="sap.m" xmlns:core="sap.ui.core" xmlns:ovp="sap.ovp.ui" xmlns:u="sap.ui.unified"
	xmlns:template="http://schemas.sap.com/sapui5/extension/sap.ui.core.template/1" xmlns:l="sap.ui.layout"
		xmlns:f="sap.f" xmlns:tnt="sap.tnt">

		<App>
		<pages>
			<Page title="MANUAL PROCESS INITIATION">
				<content>
						<VBox>
					<Toolbar>
						<ToolbarSpacer/>
						<Button text="Please click here to upload the files " icon="sap-icon://add" tooltip="" press="upload" type="Emphasized"/>
						</Toolbar>
						</VBox>
					</content>
					</Page>
					</pages>
					</App>
		
		<Title level="H1" text="MANUAL PROCESS INITIATION"/>
		
	<ScrollContainer
			height="100%"
			width="100%"
			horizontal="ture"
			vertical="true">
	     <Text text="Please upload the Documents" class="sapUiSmallMarginBottom" />
		<l:Grid
				defaultSpan="XL2 L2 M3 S12"
				class="sapUiMediumMarginTop">
			<l:content>
				
				<VBox alignItems="Center">
				<HBox justifyContent="SpaceBetween">
			<VBox>
				
				<Button tooltip = "Click here to upload" icon="sap-icon://add" press="onPress">
					
					</Button>
			</VBox>
				</HBox>	
				</VBox>
		</l:content>
		</l:Grid>
		</ScrollContainer>

	<!--	<App id="app">-->
	<!--		<pages> -->
	<!--			<Page id="page" title="MANUAL PROCESS INITIATION " class="page2BgImg" showHeader="true">-->
	<!--<HeaderContainer scrollStep="200" id="container1">-->
	<!--	<FeedContent contentText="@@notify Great outcome of the Presentation today. The new functionality and the new design was well received."-->
	<!--				 subheader="about 1 minute ago in Computer Market" />-->

		
	<!--</HeaderContainer>-->
	<!--				<content>-->
						<!--<Text text="Please Click Here for Manual Upload File Process.."/>-->
						<!--<l:HorizontalLayout class="sapUiContentPadding" >-->
	<!--					<l:VerticalLayout width="100%" class="sapUiContentPaddingview">-->
	<!--						<l:Grid containerQuery="true" >-->
	<!--							<Image src="{imageModel>/path}/img/upload.png" decorative="false" press="exppress" width="230px" class="viewportal" ></Image>-->
								
								<!--<Image src="{imageModel>/path}/img/reporting.png" decorative="false" press="DCRpress" width="{/imageWidth}" class="viewreport"></Image>-->
								<!--<Image src="{imageModel>/path}/img/EMI.png" width="{/imageWidth}" decorative="false" press="MPpress" class="viewiwb"/>-->
								<!--<Image src="{imageModel>/path}/img/superuser.png" decorative="false" press="adminpress" width="{/imageWidth}" class="viewadmin"></Image>-->
								<!--<Image src="{imageModel>/path}/img/erptoll.png" decorative="false" press="onpress" width="{/imageWidth}" class="viewerp"></Image>-->
								<!--</l:HorizontalLayout>-->
	<!--						</l:Grid>-->
	<!--					</l:VerticalLayout>-->
						<!--										<l:VerticalLayout 	width="100%" class="sapUiContentPadding1" >-->
						<!--		<l:Grid containerQuery="true"-->
						<!--					defaultSpan="XL2 L3">-->
						<!--		<Image-->
						<!--			src="images/admin.png"-->
						<!--			densityAware="true"-->
						<!--			press="adminpress"-->
						<!--			width="{/widthS}">-->
						<!--		</Image>-->
						<!--		<Image-->
						<!--			src="images/erptroll.png"-->
						<!--			densityAware="true"-->
						<!--			press="onpress"-->
						<!--			width="{/widthM}">-->
						<!--		</Image>-->
						<!--</l:Grid>-->
						<!--	</l:VerticalLayout>-->
	<!--				</content>-->
		<!--				<footer>-->
		<!--	<OverflowToolbar id="otbFooter">-->
		<!--		<ToolbarSpacer/>-->
		<!--		<Text text="Please click here to upload the files"/>-->
				

		<!--	</OverflowToolbar>-->
		<!--</footer>-->
	<!--			</Page>-->
	<!--		</pages>-->
	<!--	</App>-->
					
						
						
		
</core:FragmentDefinition>