<core:FragmentDefinition xmlns="sap.m" xmlns:smartfilterbar="sap.ui.comp.smartfilterbar" xmlns:core="sap.ui.core">
	<!-- Example - custom action  Action1 and Action1-->
 <Button text="Reports" press="handleCustomAction1" type="Transparent">
    		<dependents>
			<core:Fragment
				fragmentName="ZCDS_EMI.ZCDS_EMI.ext.Reports"
				type="XML" />
				</dependents>
    </Button>
    <Button text="DashBoard" press="DashBoards" type="Transparent"></Button>
    	<Button text="Admin" press="ADMIN" type="Transparent"></Button>
    <Button text="Updates" press="handleCustomAction3" type="Transparent">
    	
    </Button>
    <Button text="Company Profile" press="handleCustomAction4" type="Transparent"></Button>
</core:FragmentDefinition>