<edmx:Edmx xmlns:edmx="http://docs.oasis-open.org/odata/ns/edmx" Version="4.0">
	<edmx:Reference Uri="../../catalogservice;v=2/Vocabularies(TechnicalName='%2FIWBEP%2FVOC_COMMON',Version='0001',SAP__Origin='LOCAL')/$value"><edmx:Include Namespace="com.sap.vocabularies.Common.v1" Alias="Common"/></edmx:Reference>
	<edmx:Reference Uri="../../catalogservice;v=2/Vocabularies(TechnicalName='%2FIWBEP%2FVOC_UI',Version='0001',SAP__Origin='LOCAL')/$value"><edmx:Include Namespace="com.sap.vocabularies.UI.v1" Alias="UI"/></edmx:Reference>
	<edmx:Reference
		Uri="../../catalogservice;v=2/Vocabularies(TechnicalName='%2FIWBEP%2FVOC_COMMUNICATION',Version='0001',SAP__Origin='LOCAL')/$value"><edmx:Include Namespace="com.sap.vocabularies.Communication.v1" Alias="Communication"/></edmx:Reference>
	<edmx:Reference Uri="../../../sap/zvin_alp_interac1_don1_cds/$metadata"><edmx:Include Namespace="ZVIN_ALP_INTERAC1_DON1_CDS" Alias="SAP"/></edmx:Reference>
	<edmx:DataServices>
		<Schema xmlns="http://docs.oasis-open.org/odata/ns/edm" Namespace="zvin_alp_interac1_don1_cds_van.v1">
			<Annotations Target="ZVIN_ALP_INTERAC1_DON1_CDS.ZVIN_ALP_INTERAC1_DON1Type/ID"><Annotation Term="UI.Hidden"/></Annotations>
			<Annotations Target="ZVIN_ALP_INTERAC1_DON1_CDS.ZVIN_ALP_INTERAC1_DON1Type/WERKS"><Annotation Term="Common.SemanticObject" String="Action"/></Annotations>
			<Annotations Target="ZVIN_ALP_INTERAC1_DON1_CDS.ZVIN_ALP_INTERAC1_DON1Type/po_number"><Annotation Term="Common.SemanticObject" String="PurchaseOrder"/></Annotations>
			<Annotations Target="ZVIN_ALP_INTERAC1_DON1_CDS.ZVIN_ALP_INTERAC1_DON1Type">
				<Annotation Term="UI.Chart" Qualifier="Q2">
					<Record Type="UI.ChartDefinitionType"><PropertyValue Property="Title" String="Plant Count"/><PropertyValue Property="ChartType" EnumMember="UI.ChartType/Donut"/>
					
						<PropertyValue Property="Dimensions">
							<Collection>
								<PropertyPath>WERKS</PropertyPath>
							</Collection>
						</PropertyValue>
						<PropertyValue Property="DimensionAttributes">
							<Collection>
								<Record Type="UI.ChartDimensionAttributeType"><PropertyValue Property="Dimension" PropertyPath="WERKS"/><PropertyValue Property="Role" EnumMember="UI.ChartDimensionRoleType/Category"/></Record>
							</Collection>
						</PropertyValue>
						<PropertyValue Property="Measures">
							<Collection>
								<PropertyPath>STATUS1</PropertyPath>
							</Collection>
						</PropertyValue>
						<PropertyValue Property="MeasureAttributes">
							<Collection>
								<Record Type="UI.ChartMeasureAttributeType"><PropertyValue Property="Measure" PropertyPath="STATUS1"/><PropertyValue Property="Role" EnumMember="UI.ChartMeasureRoleType/Axis1"/><PropertyValue Property="DataPoint" AnnotationPath="@UI.DataPoint#STATUS1"/></Record>
							</Collection>
						</PropertyValue>
					</Record>
				</Annotation>
				<Annotation Term="UI.DataPoint" Qualifier="STATUS1">
					<Record><PropertyValue Property="Value" Path="STATUS1"/><PropertyValue Property="Title" String="Number of Plants in CC"/>
						<PropertyValue Property="CriticalityCalculation">
							<Record><PropertyValue Property="ImprovementDirection" EnumMember="UI.ImprovementDirectionType/Target"/><PropertyValue Property="DeviationRangeHighValue" Decimal="10"/><PropertyValue Property="ToleranceRangeLowValue" Decimal="8"/></Record>
						</PropertyValue>
					</Record>
				</Annotation>
				<Annotation Term="UI.Identification">
					<Collection>
						<Record Type="UI.DataFieldForIntentBasedNavigation"><PropertyValue Property="SemanticObject" String="Action"/><PropertyValue Property="Action" String="topostmessagesample"/><PropertyValue Property="RequiresContext" Bool="false"/></Record>
					</Collection>
				</Annotation>
				<Annotation Term="UI.LineItem">
					<Collection>
						<Record Type="UI.DataFieldForIntentBasedNavigation"><PropertyValue Property="SemanticObject" String="PurchaseOrder"/><PropertyValue Property="Action" String="manage"/><PropertyValue Property="RequiresContext" Bool="false"/></Record>
						<Record Type="UI.DataField"><PropertyValue Property="Label" String="Plant"/><PropertyValue Property="Value" Path="WERKS123"/></Record>
						<Record Type="UI.DataField"><PropertyValue Property="Label" String="Purchase Order Number"/><PropertyValue Property="Value" Path="po_number"/></Record>
					</Collection>
				</Annotation>
				<Annotation Term="UI.LineItem" Qualifier="Q1">
					<Collection>
						<Record Type="UI.DataField"><PropertyValue Property="Label" String="ASN"/><PropertyValue Property="Value" Path="VBELN"/></Record>
						
					</Collection>
				</Annotation>
			</Annotations>
		</Schema>
	</edmx:DataServices>
</edmx:Edmx>