<edmx:Edmx xmlns:edmx="http://schemas.microsoft.com/ado/2007/06/edmx"
	xmlns:m="http://schemas.microsoft.com/ado/2007/08/dataservices/metadata" xmlns:sap="http://www.sap.com/Protocols/SAPData" Version="1.0">
	<edmx:Reference xmlns:edmx="http://docs.oasis-open.org/odata/ns/edmx"
		Uri="./IWFND/CATALOGSERVICE;v=2/Vocabularies(TechnicalName='%2FIWBEP%2FVOC_COMMON',Version='0001',SAP__Origin='LOCAL')/$value"><edmx:Include Namespace="com.sap.vocabularies.Common.v1" Alias="Common"/></edmx:Reference>
	<edmx:Reference xmlns:edmx="http://docs.oasis-open.org/odata/ns/edmx"
		Uri="./IWFND/CATALOGSERVICE;v=2/Vocabularies(TechnicalName='%2FIWBEP%2FVOC_CAPABILITIES',Version='0001',SAP__Origin='LOCAL')/$value"><edmx:Include Namespace="Org.OData.Capabilities.V1" Alias="Capabilities"/></edmx:Reference>
	<edmx:Reference xmlns:edmx="http://docs.oasis-open.org/odata/ns/edmx"
		Uri="./IWFND/CATALOGSERVICE;v=2/Vocabularies(TechnicalName='%2FIWBEP%2FVOC_COMMUNICATION',Version='0001',SAP__Origin='LOCAL')/$value"><edmx:Include Namespace="com.sap.vocabularies.Communication.v1" Alias="Communication"/></edmx:Reference>
	<edmx:DataServices m:DataServiceVersion="2.0">
		<Schema xmlns="http://schemas.microsoft.com/ado/2008/09/edm" Namespace="ZVIN_ALP_INTERAC1_DON1_CDS" xml:lang="en" sap:schema-version="1">
			<EntityType Name="ZVIN_ALP_INTERAC1_DON1Type" sap:semantics="aggregate" sap:label="CDS View to for Fiori App" sap:content-version="1">
				<Key><PropertyRef Name="ID"/></Key><Property Name="ID" Type="Edm.String" Nullable="false" sap:sortable="false" sap:filterable="false"/><Property Name="VBELN" Type="Edm.String" MaxLength="10" sap:aggregation-role="dimension" sap:display-format="UpperCase" sap:label="Delivery"/><Property Name="WERKS" Type="Edm.String" MaxLength="4" sap:aggregation-role="dimension" sap:display-format="UpperCase" sap:label="Plant"/><Property Name="po_number" Type="Edm.String" MaxLength="10" sap:aggregation-role="dimension" sap:display-format="UpperCase"
					sap:label="Purchasing Document" sap:quickinfo="Purchasing Document Number"/><Property Name="WERKS123" Type="Edm.String" MaxLength="4" sap:aggregation-role="dimension" sap:display-format="UpperCase" sap:label="Plant"/><Property Name="bukrs" Type="Edm.String" MaxLength="4" sap:aggregation-role="dimension" sap:display-format="UpperCase"
					sap:label="Company Code"/><Property Name="bstyp" Type="Edm.String" MaxLength="1" sap:aggregation-role="dimension" sap:display-format="UpperCase"
					sap:label="Purch. Doc. Category" sap:quickinfo="Purchasing Document Category"/><Property Name="bsart" Type="Edm.String" MaxLength="4" sap:aggregation-role="dimension" sap:display-format="UpperCase"
					sap:label="Purchasing Doc. Type" sap:quickinfo="Purchasing Document Type"/><Property Name="txz01" Type="Edm.String" MaxLength="40" sap:aggregation-role="dimension" sap:label="Short Text"/><Property Name="lgort" Type="Edm.String" MaxLength="4" sap:aggregation-role="dimension" sap:display-format="UpperCase"
					sap:label="Storage location"/><Property Name="emlif" Type="Edm.String" MaxLength="10" sap:aggregation-role="dimension" sap:display-format="UpperCase" sap:label="Supplier"
					sap:quickinfo="Supplier to be Supplied/Who is to Receive Delivery"/><Property Name="STATUS1" Type="Edm.Byte" sap:aggregation-role="measure" sap:label="Delivery Number1" sap:filterable="false"/><Property Name="MENGE" Type="Edm.Decimal" Precision="13" Scale="3" sap:aggregation-role="dimension" sap:label="Order Quantity"
					sap:quickinfo="Purchase Order Quantity"/></EntityType>
			<EntityContainer Name="ZVIN_ALP_INTERAC1_DON1_CDS_Entities" m:IsDefaultEntityContainer="true" sap:supported-formats="atom json xlsx"><EntitySet Name="ZVIN_ALP_INTERAC1_DON1" EntityType="ZVIN_ALP_INTERAC1_DON1_CDS.ZVIN_ALP_INTERAC1_DON1Type" sap:creatable="false"
				sap:updatable="false" sap:deletable="false" sap:content-version="1"/></EntityContainer>
			<Annotations xmlns="http://docs.oasis-open.org/odata/ns/edm"
				Target="ZVIN_ALP_INTERAC1_DON1_CDS.ZVIN_ALP_INTERAC1_DON1_CDS_Entities/ZVIN_ALP_INTERAC1_DON1">
				<Annotation Term="Capabilities.FilterRestrictions">
					<Record>
						<PropertyValue Property="NonFilterableProperties">
							<Collection>
								<PropertyPath>ID</PropertyPath>
								<PropertyPath>STATUS1</PropertyPath>
							</Collection>
						</PropertyValue>
					</Record>
				</Annotation>
				<Annotation Term="Capabilities.SortRestrictions">
					<Record>
						<PropertyValue Property="NonSortableProperties">
							<Collection>
								<PropertyPath>ID</PropertyPath>
							</Collection>
						</PropertyValue>
					</Record>
				</Annotation>
			</Annotations><atom:link xmlns:atom="http://www.w3.org/2005/Atom" rel="self" href="./sap/ZVIN_ALP_INTERAC1_DON1_CDS/$metadata"/><atom:link xmlns:atom="http://www.w3.org/2005/Atom" rel="latest-version" href="./sap/ZVIN_ALP_INTERAC1_DON1_CDS/$metadata"/></Schema>
	</edmx:DataServices>
</edmx:Edmx>